{
    "condition": "minecraft:entity_properties",
    "entity": "this",
    "predicate": {
      "equipment": {
        "mainhand": {
          "items": [
            "minecraft:bone",
            "minecraft:rotten_flesh",
            "minecraft:gunpowder",
            "minecraft:blaze_rod",
            "minecraft:beef",
            "minecraft:cooked_beef",
            "minecraft:chicken",
            "minecraft:cooked_chicken",
            "minecraft:bread",
            "minecraft:wheat",
            "minecraft:baked_potato",
            "minecraft:potato",
            "minecraft:ender_pearl",
            "minecraft:porkchop",
            "minecraft:cooked_porkchop",
            "minecraft:stick",
            "minecraft:iron_ingot",
            "minecraft:arrow",
            "minecraft:spectral_arrow",
            "minecraft:leather",
            "minecraft:carrot",
            "minecraft:gold_ingot"
          ]
        }
      }
    }
  }